First Name,Last Name,Mailing Address,Mailing City,Mailing State,Mailing Zip,Property Address,Property City,Property State,Property Zip,Lead Type,Document Type,Date Filed,Document Number,Amount/Debt Owed,Seller Score,Motivated Seller Flags,Source,Public Records URL
ZINC PROPERTIES LLC,,,,,,9412 CYPRESS LN,,GA,,Tax Delinquent / Tax Sale,Tax Sale / FiFa (CLAYTON),2026-11-03,TAX-202611-05213214013A07,6498.72,70,Tax delinquent; Tax sale; LLC / corp owner; Owns 3 distressed properties,Clayton County Tax Commissioner (tax sale listing),https://publicaccess.claytoncountyga.gov/content/PDF/NOVEMBER%20TAX%20SALE%20LISTING%209-8-26.pdf
Fernando,Ibarra,,,,,4299 SIERRA DR,,GA,,Tax Delinquent / Tax Sale,Tax Sale / FiFa (CLAYTON),2026-11-03,TAX-202611-13018AD024,6367.88,70,Tax delinquent; Tax sale; Owns 3 distressed properties,Clayton County Tax Commissioner (tax sale listing),https://publicaccess.claytoncountyga.gov/content/PDF/NOVEMBER%20TAX%20SALE%20LISTING%209-8-26.pdf
SILVERSTONE PROPERTIES GA LLC,,,,,,1506 JUDSON WAY,,GA,,Tax Delinquent / Tax Sale,Tax Sale / FiFa (CLAYTON),2026-11-03,TAX-202611-13135DA015,5841.01,70,Tax delinquent; Tax sale; LLC / corp owner; Owns 2 distressed properties,Clayton County Tax Commissioner (tax sale listing),https://publicaccess.claytoncountyga.gov/content/PDF/NOVEMBER%20TAX%20SALE%20LISTING%209-8-26.pdf
Marcia,Davis,,,,,,,GA,,Pre-Foreclosure,Notice of Sale Under Power,2026-09-30,GPN-CND7862,,65,Pre-foreclosure; New this week,Georgia Public Notice (legal organ advertisement),https://www.georgiapublicnotice.com/search.aspx
Olga Maria,Vega,,,,,,,GA,,Pre-Foreclosure,Notice of Sale Under Power,2026-09-30,GPN-CND5873,,65,Pre-foreclosure; New this week,Georgia Public Notice (legal organ advertisement),https://www.georgiapublicnotice.com/search.aspx
Charquinta,Harris,,,,,,,GA,,Pre-Foreclosure,Notice of Sale Under Power,2026-09-30,GPN-HDH5924,,65,Pre-foreclosure; New this week,Georgia Public Notice (legal organ advertisement),https://www.georgiapublicnotice.com/search.aspx
Narin,Chea,,,,,,,GA,,Pre-Foreclosure,Notice of Sale Under Power,2026-09-30,GPN-CND5930,,65,Pre-foreclosure; New this week,Georgia Public Notice (legal organ advertisement),https://www.georgiapublicnotice.com/search.aspx
Perry,Dewberry,,,,,,,GA,,Pre-Foreclosure,Notice of Sale Under Power,2026-09-30,GPN-ND5932,,65,Pre-foreclosure; New this week,Georgia Public Notice (legal organ advertisement),https://www.georgiapublicnotice.com/search.aspx
Theresa,Brown,,,,,,,GA,,Pre-Foreclosure,Notice of Sale Under Power,2026-09-30,GPN-CND7736,,65,Pre-foreclosure; New this week,Georgia Public Notice (legal organ advertisement),https://www.georgiapublicnotice.com/search.aspx
Sunni,Williams,,,,,,,GA,,Pre-Foreclosure,Notice of Sale Under Power,2026-09-30,GPN-CND6098,,65,Pre-foreclosure; New this week,Georgia Public Notice (legal organ advertisement),https://www.georgiapublicnotice.com/search.aspx
Maya,Milton,,,,,13699 PANHANDLE RD,,GA,,Tax Delinquent / Tax Sale,Tax Sale / FiFa (CLAYTON),2026-11-03,TAX-202611-04236243003,6054.69,65,Tax delinquent; Tax sale,Clayton County Tax Commissioner (tax sale listing),https://publicaccess.claytoncountyga.gov/content/PDF/NOVEMBER%20TAX%20SALE%20LISTING%209-8-26.pdf
Jose Ortiz Cindhy,Gonzalez,,,,,633 TOGWATEE PASS,,GA,,Tax Delinquent / Tax Sale,Tax Sale / FiFa (CLAYTON),2026-11-03,TAX-202611-05146CA017,1244.16,65,Tax delinquent; Tax sale,Clayton County Tax Commissioner (tax sale listing),https://publicaccess.claytoncountyga.gov/content/PDF/NOVEMBER%20TAX%20SALE%20LISTING%209-8-26.pdf
Anthony L,Allen,,,,,9332 COUNTRY CLUB CT,,GA,,Tax Delinquent / Tax Sale,Tax Sale / FiFa (CLAYTON),2026-11-03,TAX-202611-05213213001V03,5232.13,65,Tax delinquent; Tax sale,Clayton County Tax Commissioner (tax sale listing),https://publicaccess.claytoncountyga.gov/content/PDF/NOVEMBER%20TAX%20SALE%20LISTING%209-8-26.pdf
HOMES BY UNIQUE LLC,,,,,,9404 CYPRESS LN,,GA,,Tax Delinquent / Tax Sale,Tax Sale / FiFa (CLAYTON),2026-11-03,TAX-202611-05213214013A03,6498.72,65,Tax delinquent; Tax sale; LLC / corp owner,Clayton County Tax Commissioner (tax sale listing),https://publicaccess.claytoncountyga.gov/content/PDF/NOVEMBER%20TAX%20SALE%20LISTING%209-8-26.pdf
Sandra Rene,Caldwell,,,,,201 LEAFWOOD LN,,GA,,Tax Delinquent / Tax Sale,Tax Sale / FiFa (CLAYTON),2026-11-03,TAX-202611-05245AG038,6958.60,65,Tax delinquent; Tax sale,Clayton County Tax Commissioner (tax sale listing),https://publicaccess.claytoncountyga.gov/content/PDF/NOVEMBER%20TAX%20SALE%20LISTING%209-8-26.pdf
Sandra,Phillips,,,,,9061 HOMEWOOD DR,,GA,,Tax Delinquent / Tax Sale,Tax Sale / FiFa (CLAYTON),2026-11-03,TAX-202611-05245CG016,5847.45,65,Tax delinquent; Tax sale,Clayton County Tax Commissioner (tax sale listing),https://publicaccess.claytoncountyga.gov/content/PDF/NOVEMBER%20TAX%20SALE%20LISTING%209-8-26.pdf
Dorothy,Dralle,,,,,1332 IRON GATE BLVD,,GA,,Tax Delinquent / Tax Sale,Tax Sale / FiFa (CLAYTON),2026-11-03,TAX-202611-06096AD015,5691.86,65,Tax delinquent; Tax sale,Clayton County Tax Commissioner (tax sale listing),https://publicaccess.claytoncountyga.gov/content/PDF/NOVEMBER%20TAX%20SALE%20LISTING%209-8-26.pdf
Andrew,Tuggle,,,,,1446 BUTLER ST,,GA,,Tax Delinquent / Tax Sale,Tax Sale / FiFa (CLAYTON),2026-11-03,TAX-202611-12016BE004,4270.99,65,Tax delinquent; Tax sale,Clayton County Tax Commissioner (tax sale listing),https://publicaccess.claytoncountyga.gov/content/PDF/NOVEMBER%20TAX%20SALE%20LISTING%209-8-26.pdf
Yasmin,Salgado,,,,,277 N LAKE DR,,GA,,Tax Delinquent / Tax Sale,Tax Sale / FiFa (CLAYTON),2026-11-03,TAX-202611-12017BD005,6640.90,65,Tax delinquent; Tax sale,Clayton County Tax Commissioner (tax sale listing),https://publicaccess.claytoncountyga.gov/content/PDF/NOVEMBER%20TAX%20SALE%20LISTING%209-8-26.pdf
Edna Mae,Murphy,,,,,8360 SPIVEY RD,,GA,,Tax Delinquent / Tax Sale,Tax Sale / FiFa (CLAYTON),2026-11-03,TAX-202611-12023DA006,5426.43,65,Tax delinquent; Tax sale,Clayton County Tax Commissioner (tax sale listing),https://publicaccess.claytoncountyga.gov/content/PDF/NOVEMBER%20TAX%20SALE%20LISTING%209-8-26.pdf
Enedina,Hodges,,,,,2598 BEECH ST,,GA,,Tax Delinquent / Tax Sale,Tax Sale / FiFa (CLAYTON),2026-11-03,TAX-202611-12085BG008,4804.98,65,Tax delinquent; Tax sale,Clayton County Tax Commissioner (tax sale listing),https://publicaccess.claytoncountyga.gov/content/PDF/NOVEMBER%20TAX%20SALE%20LISTING%209-8-26.pdf
Barbara Jean,Fincher,,,,,3300 CREEKWOOD DR,,GA,,Tax Delinquent / Tax Sale,Tax Sale / FiFa (CLAYTON),2026-11-03,TAX-202611-12105AB001,5206.78,65,Tax delinquent; Tax sale,Clayton County Tax Commissioner (tax sale listing),https://publicaccess.claytoncountyga.gov/content/PDF/NOVEMBER%20TAX%20SALE%20LISTING%209-8-26.pdf
BEN HET LLC,,,,,,3184 ROCK CREEK DR,,GA,,Tax Delinquent / Tax Sale,Tax Sale / FiFa (CLAYTON),2026-11-03,TAX-202611-12106DF006,4140.56,65,Tax delinquent; Tax sale; LLC / corp owner,Clayton County Tax Commissioner (tax sale listing),https://publicaccess.claytoncountyga.gov/content/PDF/NOVEMBER%20TAX%20SALE%20LISTING%209-8-26.pdf
Kathy Mayo,Rakosky,,,,,6286 DURAN CT,,GA,,Tax Delinquent / Tax Sale,Tax Sale / FiFa (CLAYTON),2026-11-03,TAX-202611-12139CC017,6012.15,65,Tax delinquent; Tax sale,Clayton County Tax Commissioner (tax sale listing),https://publicaccess.claytoncountyga.gov/content/PDF/NOVEMBER%20TAX%20SALE%20LISTING%209-8-26.pdf
Damian Jimenez,Roberts,,,,,6035 DEERFIELD CT,,GA,,Tax Delinquent / Tax Sale,Tax Sale / FiFa (CLAYTON),2026-11-03,TAX-202611-12140AD039,6624.49,65,Tax delinquent; Tax sale,Clayton County Tax Commissioner (tax sale listing),https://publicaccess.claytoncountyga.gov/content/PDF/NOVEMBER%20TAX%20SALE%20LISTING%209-8-26.pdf
K BRAIDS AND MAI MU NICE MARKET LLC,,,,,,5904 JONESBORO RD,,GA,,Tax Delinquent / Tax Sale,Tax Sale / FiFa (CLAYTON),2026-11-03,TAX-202611-12146DB004,4885.05,65,Tax delinquent; Tax sale; LLC / corp owner,Clayton County Tax Commissioner (tax sale listing),https://publicaccess.claytoncountyga.gov/content/PDF/NOVEMBER%20TAX%20SALE%20LISTING%209-8-26.pdf
Sokhann Or Hem Nim,Khem,,,,,5371 BOOKER T DR,,GA,,Tax Delinquent / Tax Sale,Tax Sale / FiFa (CLAYTON),2026-11-03,TAX-202611-12180CD009,6151.49,65,Tax delinquent; Tax sale,Clayton County Tax Commissioner (tax sale listing),https://publicaccess.claytoncountyga.gov/content/PDF/NOVEMBER%20TAX%20SALE%20LISTING%209-8-26.pdf
James S,Simmons,,,,,2684 FARN DR,,GA,,Tax Delinquent / Tax Sale,Tax Sale / FiFa (CLAYTON),2026-11-03,TAX-202611-12181BA016,6362.47,65,Tax delinquent; Tax sale,Clayton County Tax Commissioner (tax sale listing),https://publicaccess.claytoncountyga.gov/content/PDF/NOVEMBER%20TAX%20SALE%20LISTING%209-8-26.pdf
Napoleon,Moore,,,,,4798 OAK CT,,GA,,Tax Delinquent / Tax Sale,Tax Sale / FiFa (CLAYTON),2026-11-03,TAX-202611-12204BA002,6554.55,65,Tax delinquent; Tax sale,Clayton County Tax Commissioner (tax sale listing),https://publicaccess.claytoncountyga.gov/content/PDF/NOVEMBER%20TAX%20SALE%20LISTING%209-8-26.pdf
Willie F,Jones,,,,,4321 LUNSFORD DR,,GA,,Tax Delinquent / Tax Sale,Tax Sale / FiFa (CLAYTON),2026-11-03,TAX-202611-12234AA004,2291.10,65,Tax delinquent; Tax sale,Clayton County Tax Commissioner (tax sale listing),https://publicaccess.claytoncountyga.gov/content/PDF/NOVEMBER%20TAX%20SALE%20LISTING%209-8-26.pdf
Christopher O,Okpala,,,,,1602 BAGPIPE PL,,GA,,Tax Delinquent / Tax Sale,Tax Sale / FiFa (CLAYTON),2026-11-03,TAX-202611-12239AE021,5532.86,65,Tax delinquent; Tax sale,Clayton County Tax Commissioner (tax sale listing),https://publicaccess.claytoncountyga.gov/content/PDF/NOVEMBER%20TAX%20SALE%20LISTING%209-8-26.pdf
Robert,Longuepee,,,,,3963 JOANNE CT,,GA,,Tax Delinquent / Tax Sale,Tax Sale / FiFa (CLAYTON),2026-11-03,TAX-202611-13016BC011,6333.81,65,Tax delinquent; Tax sale,Clayton County Tax Commissioner (tax sale listing),https://publicaccess.claytoncountyga.gov/content/PDF/NOVEMBER%20TAX%20SALE%20LISTING%209-8-26.pdf
Cruz Alvarez,Alonso,,,,,1085 CONLEY RD,,GA,,Tax Delinquent / Tax Sale,Tax Sale / FiFa (CLAYTON),2026-11-03,TAX-202611-13016DD031,5464.69,65,Tax delinquent; Tax sale,Clayton County Tax Commissioner (tax sale listing),https://publicaccess.claytoncountyga.gov/content/PDF/NOVEMBER%20TAX%20SALE%20LISTING%209-8-26.pdf
Willie H,Bailey,,,,,4304 HENDRIX DR,,GA,,Tax Delinquent / Tax Sale,Tax Sale / FiFa (CLAYTON),2026-11-03,TAX-202611-13019BC010,6863.50,65,Tax delinquent; Tax sale,Clayton County Tax Commissioner (tax sale listing),https://publicaccess.claytoncountyga.gov/content/PDF/NOVEMBER%20TAX%20SALE%20LISTING%209-8-26.pdf
Timothy B,Marsengill,,,,,4661 PUCKETT ST,,GA,,Tax Delinquent / Tax Sale,Tax Sale / FiFa (CLAYTON),2026-11-03,TAX-202611-13046DD003,4825.77,65,Tax delinquent; Tax sale,Clayton County Tax Commissioner (tax sale listing),https://publicaccess.claytoncountyga.gov/content/PDF/NOVEMBER%20TAX%20SALE%20LISTING%209-8-26.pdf
Lakeisa,Battle,,,,,157 GOVERNORS DR,,GA,,Tax Delinquent / Tax Sale,Tax Sale / FiFa (CLAYTON),2026-11-03,TAX-202611-13051CA003157,6056.48,65,Tax delinquent; Tax sale,Clayton County Tax Commissioner (tax sale listing),https://publicaccess.claytoncountyga.gov/content/PDF/NOVEMBER%20TAX%20SALE%20LISTING%209-8-26.pdf
Jordan Eghoghama Or Etal,Enadeghe,,,,,172 GOVERNORS DR,,GA,,Tax Delinquent / Tax Sale,Tax Sale / FiFa (CLAYTON),2026-11-03,TAX-202611-13051CA003172,4697.96,65,Tax delinquent; Tax sale,Clayton County Tax Commissioner (tax sale listing),https://publicaccess.claytoncountyga.gov/content/PDF/NOVEMBER%20TAX%20SALE%20LISTING%209-8-26.pdf
Georgie,Murray,,,,,5193 NORMAN BLVD,,GA,,Tax Delinquent / Tax Sale,Tax Sale / FiFa (CLAYTON),2026-11-03,TAX-202611-13070AA001,6961.00,65,Tax delinquent; Tax sale,Clayton County Tax Commissioner (tax sale listing),https://publicaccess.claytoncountyga.gov/content/PDF/NOVEMBER%20TAX%20SALE%20LISTING%209-8-26.pdf
Sara,Cabello,,,,,5205 ALBERT DR,,GA,,Tax Delinquent / Tax Sale,Tax Sale / FiFa (CLAYTON),2026-11-03,TAX-202611-13078BF006,6995.01,65,Tax delinquent; Tax sale,Clayton County Tax Commissioner (tax sale listing),https://publicaccess.claytoncountyga.gov/content/PDF/NOVEMBER%20TAX%20SALE%20LISTING%209-8-26.pdf
Alfonso,Horton,,,,,771 ALICE ST,,GA,,Tax Delinquent / Tax Sale,Tax Sale / FiFa (CLAYTON),2026-11-03,TAX-202611-13079BB015,5108.58,65,Tax delinquent; Tax sale,Clayton County Tax Commissioner (tax sale listing),https://publicaccess.claytoncountyga.gov/content/PDF/NOVEMBER%20TAX%20SALE%20LISTING%209-8-26.pdf
S AND S HOMEBUYING GROUP LLC,,,,,,5283 MADISON ST,,GA,,Tax Delinquent / Tax Sale,Tax Sale / FiFa (CLAYTON),2026-11-03,TAX-202611-13079CC028,5871.60,65,Tax delinquent; Tax sale; LLC / corp owner,Clayton County Tax Commissioner (tax sale listing),https://publicaccess.claytoncountyga.gov/content/PDF/NOVEMBER%20TAX%20SALE%20LISTING%209-8-26.pdf
Marcelo,Salas,,,,,5648 KITE DR,,GA,,Tax Delinquent / Tax Sale,Tax Sale / FiFa (CLAYTON),2026-11-03,TAX-202611-13082DG007,5985.98,65,Tax delinquent; Tax sale,Clayton County Tax Commissioner (tax sale listing),https://publicaccess.claytoncountyga.gov/content/PDF/NOVEMBER%20TAX%20SALE%20LISTING%209-8-26.pdf
Eddie A,Gilbert,,,,,5408 PARK PL,,GA,,Tax Delinquent / Tax Sale,Tax Sale / FiFa (CLAYTON),2026-11-03,TAX-202611-13090BC001,3677.62,65,Tax delinquent; Tax sale,Clayton County Tax Commissioner (tax sale listing),https://publicaccess.claytoncountyga.gov/content/PDF/NOVEMBER%20TAX%20SALE%20LISTING%209-8-26.pdf
Wayne T,Powell,,,,,5923 HEATHERWOOD LN,,GA,,Tax Delinquent / Tax Sale,Tax Sale / FiFa (CLAYTON),2026-11-03,TAX-202611-13104DI002,6500.11,65,Tax delinquent; Tax sale,Clayton County Tax Commissioner (tax sale listing),https://publicaccess.claytoncountyga.gov/content/PDF/NOVEMBER%20TAX%20SALE%20LISTING%209-8-26.pdf
Cresencio,Sanchez,,,,,5903 WHITE PINE PL,,GA,,Tax Delinquent / Tax Sale,Tax Sale / FiFa (CLAYTON),2026-11-03,TAX-202611-13112CE011,6460.19,65,Tax delinquent; Tax sale,Clayton County Tax Commissioner (tax sale listing),https://publicaccess.claytoncountyga.gov/content/PDF/NOVEMBER%20TAX%20SALE%20LISTING%209-8-26.pdf
Terrill Or Adams Doris Denise,Crane,,,,,805 BRIAN LN,,GA,,Tax Delinquent / Tax Sale,Tax Sale / FiFa (CLAYTON),2026-11-03,TAX-202611-13114DC001,6816.84,65,Tax delinquent; Tax sale,Clayton County Tax Commissioner (tax sale listing),https://publicaccess.claytoncountyga.gov/content/PDF/NOVEMBER%20TAX%20SALE%20LISTING%209-8-26.pdf
John Randall,Wetz,,,,,505 HILLTOP DR,,GA,,Tax Delinquent / Tax Sale,Tax Sale / FiFa (CLAYTON),2026-11-03,TAX-202611-13115BD006,5931.69,65,Tax delinquent; Tax sale,Clayton County Tax Commissioner (tax sale listing),https://publicaccess.claytoncountyga.gov/content/PDF/NOVEMBER%20TAX%20SALE%20LISTING%209-8-26.pdf
Julian Lopez,Altamirano,,,,,MIZE RD,,GA,,Tax Delinquent / Tax Sale,Tax Sale / FiFa (CLAYTON),2026-11-03,TAX-202611-13118AA006,5320.60,65,Tax delinquent; Tax sale,Clayton County Tax Commissioner (tax sale listing),https://publicaccess.claytoncountyga.gov/content/PDF/NOVEMBER%20TAX%20SALE%20LISTING%209-8-26.pdf
Rosa Arely,Santamaria,,,,,869 GRANDE WAY,,GA,,Tax Delinquent / Tax Sale,Tax Sale / FiFa (CLAYTON),2026-11-03,TAX-202611-13143DE020,6046.94,65,Tax delinquent; Tax sale,Clayton County Tax Commissioner (tax sale listing),https://publicaccess.claytoncountyga.gov/content/PDF/NOVEMBER%20TAX%20SALE%20LISTING%209-8-26.pdf
Eva Martinez Or Gonzalez-,Hernandez,,,,,991 KING JAMES DR,,GA,,Tax Delinquent / Tax Sale,Tax Sale / FiFa (CLAYTON),2026-11-03,TAX-202611-13144CF003,4933.86,65,Tax delinquent; Tax sale,Clayton County Tax Commissioner (tax sale listing),https://publicaccess.claytoncountyga.gov/content/PDF/NOVEMBER%20TAX%20SALE%20LISTING%209-8-26.pdf
Craig J,Robinson,,,,,990 QUEEN ELIZABETH WAY,,GA,,Tax Delinquent / Tax Sale,Tax Sale / FiFa (CLAYTON),2026-11-03,TAX-202611-13144CF024,5959.08,65,Tax delinquent; Tax sale,Clayton County Tax Commissioner (tax sale listing),https://publicaccess.claytoncountyga.gov/content/PDF/NOVEMBER%20TAX%20SALE%20LISTING%209-8-26.pdf
Marina D,Perez,,,,,641 ROXBURY DR,,GA,,Tax Delinquent / Tax Sale,Tax Sale / FiFa (CLAYTON),2026-11-03,TAX-202611-13149CD019,6785.42,65,Tax delinquent; Tax sale,Clayton County Tax Commissioner (tax sale listing),https://publicaccess.claytoncountyga.gov/content/PDF/NOVEMBER%20TAX%20SALE%20LISTING%209-8-26.pdf
BETHSAIDA ROAD LAND TRUST,,,,,,1389 BETHSAIDA RD,,GA,,Tax Delinquent / Tax Sale,Tax Sale / FiFa (CLAYTON),2026-11-03,TAX-202611-13153CB005,5197.29,65,Tax delinquent; Tax sale,Clayton County Tax Commissioner (tax sale listing),https://publicaccess.claytoncountyga.gov/content/PDF/NOVEMBER%20TAX%20SALE%20LISTING%209-8-26.pdf
King David,Broadnax,,,,,7089 BETHEL CT,,GA,,Tax Delinquent / Tax Sale,Tax Sale / FiFa (CLAYTON),2026-11-03,TAX-202611-13168AC013,5844.43,65,Tax delinquent; Tax sale,Clayton County Tax Commissioner (tax sale listing),https://publicaccess.claytoncountyga.gov/content/PDF/NOVEMBER%20TAX%20SALE%20LISTING%209-8-26.pdf
Lucille L,Bean,,,,,1095 SALISBURY TRL,,GA,,Tax Delinquent / Tax Sale,Tax Sale / FiFa (CLAYTON),2026-11-03,TAX-202611-13169CB004,5260.06,65,Tax delinquent; Tax sale,Clayton County Tax Commissioner (tax sale listing),https://publicaccess.claytoncountyga.gov/content/PDF/NOVEMBER%20TAX%20SALE%20LISTING%209-8-26.pdf
Malik Osorio Ellin,Mitchell,,,,,7112 GREYSTONE DR,,GA,,Tax Delinquent / Tax Sale,Tax Sale / FiFa (CLAYTON),2026-11-03,TAX-202611-13169DA002,6880.43,65,Tax delinquent; Tax sale,Clayton County Tax Commissioner (tax sale listing),https://publicaccess.claytoncountyga.gov/content/PDF/NOVEMBER%20TAX%20SALE%20LISTING%209-8-26.pdf
Anthony D,Earls,,,,,7425 ANN ST,,GA,,Tax Delinquent / Tax Sale,Tax Sale / FiFa (CLAYTON),2026-11-03,TAX-202611-13182DD017,5503.95,65,Tax delinquent; Tax sale,Clayton County Tax Commissioner (tax sale listing),https://publicaccess.claytoncountyga.gov/content/PDF/NOVEMBER%20TAX%20SALE%20LISTING%209-8-26.pdf
Francis,Cho,,,,,905 OHARA DR,,GA,,Tax Delinquent / Tax Sale,Tax Sale / FiFa (CLAYTON),2026-11-03,TAX-202611-13208CC020,5887.14,65,Tax delinquent; Tax sale,Clayton County Tax Commissioner (tax sale listing),https://publicaccess.claytoncountyga.gov/content/PDF/NOVEMBER%20TAX%20SALE%20LISTING%209-8-26.pdf
Donald P,Begley,,,,,7888 CHASE WOODS DR,,GA,,Tax Delinquent / Tax Sale,Tax Sale / FiFa (CLAYTON),2026-11-03,TAX-202611-13211AB008,6245.81,65,Tax delinquent; Tax sale,Clayton County Tax Commissioner (tax sale listing),https://publicaccess.claytoncountyga.gov/content/PDF/NOVEMBER%20TAX%20SALE%20LISTING%209-8-26.pdf
Darrell,Pace,,,,,7889 TAYLOR RD,,GA,,Tax Delinquent / Tax Sale,Tax Sale / FiFa (CLAYTON),2026-11-03,TAX-202611-13214BC001,5254.84,65,Tax delinquent; Tax sale,Clayton County Tax Commissioner (tax sale listing),https://publicaccess.claytoncountyga.gov/content/PDF/NOVEMBER%20TAX%20SALE%20LISTING%209-8-26.pdf
Russell,Hicks,,,,,8387 DUNELLEN LN,,GA,,Tax Delinquent / Tax Sale,Tax Sale / FiFa (CLAYTON),2026-11-03,TAX-202611-13237CA001,6035.94,65,Tax delinquent; Tax sale,Clayton County Tax Commissioner (tax sale listing),https://publicaccess.claytoncountyga.gov/content/PDF/NOVEMBER%20TAX%20SALE%20LISTING%209-8-26.pdf
Michael Henry,Sanchez,,,,,217 WALLIS ST,,GA,,Tax Delinquent / Tax Sale,Tax Sale / FiFa (CLAYTON),2026-11-03,TAX-202611-13240DA005,4613.74,65,Tax delinquent; Tax sale,Clayton County Tax Commissioner (tax sale listing),https://publicaccess.claytoncountyga.gov/content/PDF/NOVEMBER%20TAX%20SALE%20LISTING%209-8-26.pdf
Angelina,Stewart,,,,,653 JEB STUART DR,,GA,,Tax Delinquent / Tax Sale,Tax Sale / FiFa (CLAYTON),2026-11-03,TAX-202611-13242CA026,6846.58,65,Tax delinquent; Tax sale,Clayton County Tax Commissioner (tax sale listing),https://publicaccess.claytoncountyga.gov/content/PDF/NOVEMBER%20TAX%20SALE%20LISTING%209-8-26.pdf
Pedraza Ruben Or Silva Juana,Silva-,,,,,640 JEB STUART DR,,GA,,Tax Delinquent / Tax Sale,Tax Sale / FiFa (CLAYTON),2026-11-03,TAX-202611-13242CB008,6280.56,65,Tax delinquent; Tax sale,Clayton County Tax Commissioner (tax sale listing),https://publicaccess.claytoncountyga.gov/content/PDF/NOVEMBER%20TAX%20SALE%20LISTING%209-8-26.pdf
Cantrella T,Murphy,,,,,8512 PERRYVILLE CT,,GA,,Tax Delinquent / Tax Sale,Tax Sale / FiFa (CLAYTON),2026-11-03,TAX-202611-13242CB035,6968.72,65,Tax delinquent; Tax sale,Clayton County Tax Commissioner (tax sale listing),https://publicaccess.claytoncountyga.gov/content/PDF/NOVEMBER%20TAX%20SALE%20LISTING%209-8-26.pdf
Victor Or West Kanessa,Slade,,,,,8575 CREEKWOOD WAY,,GA,,Tax Delinquent / Tax Sale,Tax Sale / FiFa (CLAYTON),2026-11-03,TAX-202611-13247CA001E05,4657.57,65,Tax delinquent; Tax sale,Clayton County Tax Commissioner (tax sale listing),https://publicaccess.claytoncountyga.gov/content/PDF/NOVEMBER%20TAX%20SALE%20LISTING%209-8-26.pdf
ARTHAM REALTY LLC,,,,,,678 REDLAND DR,,GA,,Tax Delinquent / Tax Sale,Tax Sale / FiFa (CLAYTON),2026-11-03,TAX-202611-13247DB019,5340.49,65,Tax delinquent; Tax sale; LLC / corp owner,Clayton County Tax Commissioner (tax sale listing),https://publicaccess.claytoncountyga.gov/content/PDF/NOVEMBER%20TAX%20SALE%20LISTING%209-8-26.pdf
