Address,City,State,Zip,Tag
11925 MARKHAM WAY,,GA,,Tax Delinquent / Tax Sale
276 MARTIN DR,,GA,,Tax Delinquent / Tax Sale
9183 FAIRWAY CT,,GA,,Tax Delinquent / Tax Sale
1333 IRON GATE BLVD,,GA,,Tax Delinquent / Tax Sale
10981 KNOTTY PINE PL,,GA,,Tax Delinquent / Tax Sale
2108 TALMADGE RD,,GA,,Tax Delinquent / Tax Sale
8289 DEWAYNE LN,,GA,,Tax Delinquent / Tax Sale
6466 KATIE LN,,GA,,Tax Delinquent / Tax Sale
BURKS DR,,GA,,Tax Delinquent / Tax Sale
958 CONLEY RD,,GA,,Tax Delinquent / Tax Sale
950 MAIN ST,,GA,,Tax Delinquent / Tax Sale
1162 SHOREHAM DR,,GA,,Tax Delinquent / Tax Sale
883 SOUTH AVE R,,GA,,Tax Delinquent / Tax Sale
5543 GLEN HAVEN DR,,GA,,Tax Delinquent / Tax Sale
5357 DENNY DR,,GA,,Tax Delinquent / Tax Sale
5930 HIGHWAY 85,,GA,,Tax Delinquent / Tax Sale
1019 LONGLEAF DR,,GA,,Tax Delinquent / Tax Sale
7085 SHANGRILA TRL,,GA,,Tax Delinquent / Tax Sale
146 SLICKY ROCK CT,,GA,,Tax Delinquent / Tax Sale
1961 VALLEY WOODS DR,,GA,,Tax Delinquent / Tax Sale
417 WAVELYN WAY,,GA,,Tax Delinquent / Tax Sale
8284 MERIDIAN DR,,GA,,Tax Delinquent / Tax Sale
8241 CREEKLINE CT,,GA,,Tax Delinquent / Tax Sale
1108 HELMER RD,,GA,,Tax Delinquent / Tax Sale
